animal_id,name,sex,genotype,dob,
1,Alice-1,F,{CD1},10/16/2019,1
2,Alice-1,F,{CD1},4/10/2020,1
3,Alice-1,F,{CD1},1/25/2021,1
4,Alice-1,F,{CD1},12/31/2021,1
5,Alice-2,F,{CD1},5/10/2021,1
6,Alice-4,F,{CD1},10/16/2019,1
7,Alice-5,F,{CD1},6/26/2019,1
8,Alice-6,F,{CD1},6/30/2019,1
9,Alice-7,F,{CD1},10/7/2019,1
10,Alice-8,F,{CD1},10/7/2019,1
11,Alice-9,F,{CD1},10/25/2019,1
12,Ann-1,F,{B6/J},1/23/2020,1
13,Ann-1,F,{B6/J},1/22/2021,1
14,Ann-1,F,{B6/J},7/31/2021,1
15,Ann-1,F,{B6/J},1/20/2023,1
16,Ann-10,F,{B6/J},10/9/2019,1
17,Ann-11,F,{B6/J},6/7/2020,1
18,Ann-12,F,{B6/J},5/9/2019,1
19,Ann-12,F,{B6/J},6/7/2020,1
20,Ann-13,F,{B6/J},11/27/2020,1
21,Ann-14,F,{B6/J},12/28/2020,1
22,Ann-15,F,{B6/J},5/5/2021,1
23,Ann-16,F,{B6/J},6/18/2021,1
24,Ann-17,F,{B6/J},6/1/2019,1
25,Ann-17,F,{B6/J},12/15/2021,1
26,Ann-18,F,{B6/J},10/9/2019,1
27,Ann-18,F,{B6/J},1/26/2022,1
28,Ann-19,F,{B6/J},11/19/2019,1
29,Ann-19,F,{B6/J},6/23/2022,1
30,Ann-2,F,{B6/J},4/22/2019,1
31,Ann-2,F,{B6/J},1/22/2021,1
32,Ann-2,F,{B6/J},3/13/2023,1
33,Ann-20,F,{B6/J},6/23/2022,1
34,Ann-21,F,{B6/J},7/15/2021,1
35,Ann-21,F,{B6/J},1/12/2023,1
36,Ann-22,F,{B6/J},8/21/2019,1
37,Ann-22,F,{B6/J},7/31/2021,1
38,Ann-22,F,{B6/J},1/12/2023,1
39,Ann-23,F,{B6/J},10/24/2019,1
40,Ann-23,F,{B6/J},12/6/2021,1
41,Ann-23,F,{B6/J},7/8/2023,1
42,Ann-24,F,{B6/J},2/21/2022,1
43,Ann-25,F,{B6/J},2/9/2020,1
44,Ann-26,F,{B6/J},2/9/2020,1
45,Ann-27,F,{B6/J},10/16/2020,1
46,Ann-28,F,{B6/J},10/29/2020,1
47,Ann-29,F,{B6/J},12/28/2020,1
48,Ann-3,F,{B6/J},9/9/2019,1
49,Ann-3,F,{B6/J},7/6/2021,1
50,Ann-3,F,{B6/J},6/2/2023,1
51,Ann-30,F,{B6/J},11/17/2019,1
52,Ann-31,F,{B6/J},11/17/2019,1
53,Ann-31,F,{B6/J},1/23/2020,1
54,Ann-32,F,{B6/J},1/23/2020,1
55,Ann-33,F,{B6/J},1/23/2020,1
56,Ann-34,F,{B6/J},8/12/2020,1
57,Ann-35,F,{B6/J},9/18/2020,1
58,Ann-4,F,{B6/J},11/17/2019,1
59,Ann-4,F,{B6/J},12/6/2021,1
60,Ann-4,F,{B6/J},6/2/2023,1
61,Ann-40,F,{B6/J},7/2/2019,1
62,Ann-41,F,{B6/J},7/2/2019,1
63,Ann-42,F,{B6/J},11/19/2019,1
64,Ann-43,F,{B6/J},11/19/2019,1
65,Ann-44,F,{B6/J},6/22/2020,1
66,Ann-45,F,{B6/J},6/22/2020,1
67,Ann-46,F,{B6/J},8/5/2020,1
68,Ann-47,F,{B6/J},11/27/2020,1
69,Ann-5,F,{B6/J},4/22/2019,1
70,Ann-5,F,{B6/J},7/13/2020,1
71,Ann-5,F,{B6/J},2/21/2022,1
72,Ann-50,F,{B6/J},8/21/2019,1
73,Ann-51,F,{B6/J},8/21/2019,1
74,Ann-51,F,{B6/J},7/2/2020,1
75,Ann-52,F,{B6/J},9/14/2020,1
76,Ann-53,F,{B6/J},1/30/2021,1
77,Ann-54,F,{B6/J},1/30/2021,1
78,Ann-6,F,{B6/J},4/12/2019,1
79,Ann-6,F,{B6/J},9/14/2020,1
80,Ann-6,F,{B6/J},2/21/2022,1
81,Ann-60,F,{B6/J},9/9/2019,1
82,Ann-61,F,{B6/J},9/9/2019,1
83,Ann-61,F,{B6/J},4/1/2020,1
84,Ann-62,F,{B6/J},5/18/2020,1
85,Ann-63,F,{B6/J},10/16/2020,1
86,Ann-7,F,{B6/J},12/28/2020,1
87,Ann-7,F,{B6/J},3/23/2022,1
88,Ann-71,F,{B6/J},11/27/2020,1
89,Ann-8,F,{B6/J},7/14/2022,1
90,Ann-80,F,{B6/J},12/28/2020,1
91,Ann-9,F,{B6/J},8/8/2022,1
92,Betty-1,F,{DIXDC1-KO},11/12/2019,1
93,Betty-1,F,{DIXDC1-KO},4/17/2021,1
94,Betty-2,F,{DIXDC1-KO},5/22/2020,1
95,Betty-2,F,{DIXDC1-KO},5/7/2021,1
96,Betty-2,F,{DIXDC1-KO},11/15/2021,1
97,Betty-3,F,{DIXDC1-KO},5/22/2020,1
98,Betty-3,F,{DIXDC1-KO},12/16/2021,1
99,Betty-4,F,{DIXDC1-KO},9/11/2020,1
100,Betty-4,F,{DIXDC1-KO},12/6/2021,1
101,Betty-5,F,{DIXDC1-KO},9/11/2020,1
102,Betty-5,F,{DIXDC1-KO},3/28/2022,1
103,Betty-6,F,{DIXDC1-KO},12/21/2020,1
104,Betty-6,F,{DIXDC1-KO},5/25/2022,1
105,Betty-7,F,{DIXDC1-KO},8/9/2022,1
106,Betty-8,F,{DIXDC1-KO},4/28/2019,1
107,Betty-9,F,{DIXDC1-KO},9/28/2019,1
108,Bonnie-1,F,{BAX-FLOX},5/25/2022,1
109,Bonnie-10,F,"{BAX-FLOX, RBFOX2-FLOX}",8/7/2022,1
110,Bonnie-11,F,"{CHX10-CRE, BAX-FLOX, RBFOX2-FLOX}",8/7/2022,1
111,Bonnie-12,F,"{CHX10-CRE, BAX-FLOX, RBFOX2-FLOX}",9/17/2022,1
112,Bonnie-13,F,"{BAX-FLOX, RBFOX2-FLOX}",9/17/2022,1
113,Bonnie-14,F,"{BAX-FLOX, RBFOX2-FLOX}",12/28/2022,1
114,Bonnie-15,F,"{BAX-FLOX, RBFOX2-FLOX}",1/29/2023,1
115,Bonnie-16,F,"{CHX10-CRE, BAX-FLOX, RBFOX2-FLOX}",3/14/2023,1
116,Bonnie-17,F,"{CHX10-CRE, BAX-FLOX, RBFOX2-FLOX}",5/1/2023,1
117,Buttercup-70,F,"{VGLUT3-CRE, BAX-KO, ROSA-RFP}",12/2/2020,1
118,Claire-1,F,{ISL1-FLOX},11/3/2019,1
119,Claire-1,F,{ISL1-FLOX},12/4/2020,1
120,Claire-1,F,{ISL1-FLOX},11/22/2022,1
121,Claire-2,F,{ISL1-FLOX},12/24/2019,1
122,Claire-2,F,{ISL1-FLOX},1/23/2021,1
123,Claire-2,F,{ISL1-FLOX},11/22/2022,1
124,Claire-20,F,{ISL1-FLOX},1/24/2020,1
125,Claire-21,F,{ISL1-FLOX},1/24/2020,1
126,Claire-21,F,{ISL1-FLOX},5/13/2020,1
127,Claire-22,F,{ISL1-FLOX},5/13/2020,1
128,Claire-23,F,{ISL1-FLOX},8/13/2020,1
129,Claire-24,F,{ISL1-FLOX},8/13/2020,1
130,Claire-3,F,{ISL1-FLOX},5/17/2019,1
131,Claire-3,F,{ISL1-FLOX},6/24/2020,1
132,Claire-3,F,{ISL1-FLOX},7/10/2021,1
133,Claire-31,F,{ISL1-FLOX},6/24/2020,1
134,Claire-32,F,{ISL1-FLOX},11/11/2020,1
135,Claire-33,F,{ISL1-FLOX},2/5/2021,1
136,Claire-34,F,{ISL1-FLOX},2/5/2021,1
137,Claire-4,F,{ISL1-FLOX},6/21/2019,1
138,Claire-4,F,{ISL1-FLOX},7/23/2020,1
139,Claire-4,F,{ISL1-FLOX},7/10/2021,1
140,Claire-5,F,{ISL1-FLOX},1/3/2022,1
141,Claire-6,F,{ISL1-FLOX},1/3/2022,1
142,Claire-60,F,{ISL1-FLOX},4/25/2021,1
143,Claire-61,F,{ISL1-FLOX},4/25/2021,1
144,Claire-62,F,{ISL1-FLOX},6/18/2021,1
145,Claire-7,F,{ISL1-FLOX},6/29/2022,1
146,Claire-8,F,{ISL1-FLOX},6/29/2022,1
147,Daisy-1,F,{CDH1-GFP},11/1/2019,1
148,Daisy-1,F,{CDH1-GFP},6/12/2021,1
149,Daisy-1,F,{CDH1-GFP},4/10/2023,1
150,Daisy-2,F,{CDH1-GFP},11/1/2019,1
151,Daisy-2,F,{CDH1-GFP},6/12/2021,1
152,Daisy-2,F,{CDH1-GFP},4/10/2023,1
153,Daisy-3,F,{CDH1-GFP},5/17/2020,1
154,Daisy-3,F,{CDH1-GFP},10/22/2021,1
155,Daisy-30,F,{CDH1-GFP},2/20/2023,1
156,Daisy-31,F,{CDH1-GFP},2/20/2023,1
157,Daisy-4,F,{CDH1-GFP},5/17/2020,1
159,Daisy-4,F,{CDH1-GFP},10/22/2021,2
160,Daisy-5,F,{CDH1-GFP},11/7/2020,1
161,Daisy-5,F,{CDH1-GFP},5/5/2022,1
162,Daisy-6,F,{CDH1-GFP},11/7/2020,1
163,Daisy-6,F,{CDH1-GFP},5/5/2022,1
164,Daisy-7,F,{CDH1-GFP},1/15/2021,1
165,Daisy-7,F,{CDH1-GFP},11/5/2022,1
166,Daisy-8,F,{CDH1-GFP},11/5/2022,1
167,Elise-1,F,"{RX-CRE, NFIA-FLOX, CDH1-GFP}",12/12/2019,1
168,Elise-1,F,{NFIA-FLOX},9/8/2020,1
169,Elise-1,F,{NFIA-FLOX},12/26/2020,1
170,Elise-10,F,{CDH1-GFP},1/15/2021,1
171,Elise-11,F,"{RX-CRE, NFIA-FLOX}",12/23/2020,1
172,Elise-12,F,"{RX-CRE, NFIA-FLOX, CDH1-GFP}",3/29/2021,1
173,Elise-13,F,{NFIA-FLOX},3/26/2021,1
174,Elise-2,F,"{RX-CRE, NFIA-FLOX, CDH1-GFP}",12/12/2019,1
175,Elise-2,F,{NFIA-FLOX},12/26/2020,1
176,Elise-3,F,"{RX-CRE, NFIA-FLOX, CDH1-GFP}",4/10/2020,1
177,Elise-3,F,"{RX-CRE, NFIA-FLOX}",12/23/2020,1
178,Elise-4,F,"{RX-CRE, NFIA-FLOX, CDH1-GFP}",7/4/2020,1
179,Elise-4,F,"{RX-CRE, NFIA-FLOX}",12/23/2020,1
180,Elise-5,F,{NFIA-FLOX},9/8/2020,1
181,Elise-6,F,"{RX-CRE, NFIA-FLOX, CDH1-GFP}",4/12/2019,1
182,Elise-7,F,"{RX-CRE, NFIA-FLOX, CDH1-GFP}",5/9/2019,1
183,Elise-8,F,"{RX-CRE, NFIA-FLOX, CDH1-GFP}",8/18/2019,1
184,Elise-9,F,"{RX-CRE, NFIA-FLOX, CDH1-GFP}",11/21/2019,1
185,Eva-1,F,{RX-CRE},6/2/2019,1
186,Eva-1,F,{RX-CRE},7/14/2021,1
187,Eva-10,F,{RX-CRE},2/20/2023,1
188,Eva-11,F,{RX-CRE},5/17/2023,1
189,Eva-12,F,{RX-CRE},5/29/2023,1
190,Eva-2,F,{RX-CRE},7/14/2021,1
191,Eva-20,F,{RX-CRE},2/20/2023,1
192,Eva-21,F,{RX-CRE},2/20/2023,1
193,Eva-3,F,{RX-CRE},7/19/2019,1
194,Eva-3,F,{RX-CRE},8/12/2021,1
195,Eva-3,F,{RX-CRE},1/2/2022,1
196,Eva-4,F,{RX-CRE},12/16/2019,1
197,Eva-4,F,{RX-CRE},8/12/2021,1
198,Eva-4,F,{RX-CRE},1/2/2022,1
199,Eva-5,F,{RX-CRE},12/16/2019,1
200,Eva-5,F,{RX-CRE},4/27/2022,1
201,Eva-6,F,{RX-CRE},6/10/2020,1
202,Eva-6,F,{RX-CRE},7/13/2022,1
203,Eva-7,F,{RX-CRE},7/23/2020,1
204,Eva-7,F,{RX-CRE},7/13/2022,1
205,Eva-8,F,{RX-CRE},1/14/2021,1
206,Eva-8,F,{RX-CRE},11/27/2022,1
207,Eva-9,F,{RX-CRE},1/14/2021,1
208,Eva-9,F,{RX-CRE},11/27/2022,1
209,Frida-1,F,{CX3CR1-GFP},7/5/2019,1
210,Frida-1,F,{CX3CR1-GFP},3/30/2021,1
211,Frida-2,F,{CX3CR1-GFP},3/30/2021,1
212,Frida-4,F,{CX3CR1-GFP},4/17/2019,1
213,Frida-5,F,{CX3CR1-GFP},10/7/2019,1
214,Frida-6,F,{CX3CR1-GFP},10/7/2019,1
215,Frida-7,F,{CX3CR1-GFP},6/26/2020,1
216,Frida-8,F,{CX3CR1-GFP},6/26/2020,1
217,Jamie-1,F,{CHX10-CRE},3/16/2021,1
218,Jamie-1,F,{CHX10-CRE},12/22/2022,1
219,Jamie-2,F,{CHX10-CRE},3/16/2021,1
220,Jamie-2,F,{CHX10-CRE},12/22/2022,1
221,Jamie-3,F,{CHX10-CRE},9/17/2021,1
222,Jamie-3,F,{CHX10-CRE},6/22/2023,1
223,Jamie-31,F,{CHX10-CRE},6/9/2021,1
224,Jamie-4,F,{CHX10-CRE},9/17/2021,1
225,Jamie-4,F,{CHX10-CRE},6/22/2023,1
226,Jamie-5,F,{CHX10-CRE},3/11/2022,1
227,Jamie-6,F,{CHX10-CRE},3/11/2022,1
228,Jamie-7,F,{CHX10-CRE},9/16/2022,1
229,Jamie-8,F,{CHX10-CRE},9/16/2022,1
230,Jenny-1,F,"{DIXDC1-KO, CDH1-GFP}",8/26/2019,1
231,Jenny-1,F,"{DIXDC1-KO, CDH1-GFP}",8/23/2020,1
232,Jenny-2,F,"{DIXDC1-KO, CDH1-GFP}",9/30/2019,1
233,Jenny-2,F,"{DIXDC1-KO, CDH1-GFP}",8/23/2020,1
234,Jenny-3,F,"{DIXDC1-KO, CDH1-GFP}",2/4/2020,1
235,Jenny-4,F,"{DIXDC1-KO, CDH1-GFP}",2/4/2020,1
236,Juliette-1,F,{A/J},5/20/2021,1
237,Juliette-1,F,{A/J},9/4/2022,1
238,Juliette-2,F,{A/J},8/8/2019,1
239,Juliette-2,F,{A/J},5/20/2021,1
240,Juliette-2,F,{A/J},10/26/2022,1
241,Juliette-3,F,{A/J},8/8/2019,1
242,Juliette-3,F,{A/J},10/8/2020,1
243,Juliette-3,F,{A/J},7/6/2021,1
244,Juliette-3,F,{A/J},2/20/2023,1
245,Juliette-4,F,{A/J},9/23/2019,1
246,Juliette-4,F,{A/J},2/22/2021,1
247,Juliette-4,F,{A/J},10/8/2021,1
248,Juliette-5,F,{A/J},12/9/2021,1
249,Juliette-6,F,{A/J},1/25/2022,1
250,Juliette-7,F,{A/J},3/12/2022,1
251,Juliette-8,F,{A/J},6/4/2022,1
252,Juliette-9,F,{A/J},7/25/2022,1
253,Karen-1,F,{PROX1-CRE},2/24/2021,1
254,Karen-10,F,{PROX1-CRE},2/24/2021,1
255,Karen-10,F,{PROX1-CRE},4/19/2023,1
256,Karen-11,F,{PROX1-CRE},2/24/2021,1
257,Karen-11,F,{PROX1-CRE},4/19/2023,1
258,Karen-12,F,{PROX1-CRE},7/3/2021,1
259,Karen-13,F,{PROX1-CRE},11/13/2021,1
260,Karen-14,F,{PROX1-CRE},11/13/2021,1
261,Karen-15,F,{PROX1-CRE},12/27/2021,1
262,Karen-16,F,{PROX1-CRE},5/19/2022,1
263,Karen-17,F,{PROX1-CRE},5/19/2022,1
264,Karen-18,F,{PROX1-CRE},11/10/2022,1
265,Karen-19,F,{PROX1-CRE},11/10/2022,1
266,Karen-2,F,{PROX1-CRE},2/24/2021,1
267,Karen-71,F,{PROX1-CRE},11/10/2020,1
268,Kate-10,F,"{ISL1-FLOX, NEUROG2-FLOX}",1/6/2022,1
269,Kate-11,F,"{ISL1-FLOX, NEUROG2-FLOX}",2/9/2022,1
270,Kate-12,F,"{ISL1-FLOX, NEUROG2-FLOX}",5/18/2022,1
271,Kate-13,F,"{ISL1-FLOX, NEUROG2-FLOX}",7/10/2022,1
272,Kate-14,F,"{CHX10-CRE, ISL1-FLOX, NEUROG2-FLOX}",7/27/2022,1
273,Kate-3,F,"{ISL1-FLOX, NEUROG2-FLOX}",9/2/2021,1
274,Kate-4,F,"{ISL1-FLOX, NEUROG2-FLOX}",9/2/2021,1
275,Kate-5,F,"{ISL1-FLOX, NEUROG2-FLOX}",11/2/2021,1
276,Kate-6,F,"{ISL1-FLOX, NEUROG2-FLOX}",11/5/2021,1
277,Kate-7,F,"{ISL1-FLOX, NEUROG2-FLOX}",11/26/2021,1
278,Kim-2,F,"{CHAT-CRE, SOX2-FLOX, NPY-GFP}",8/18/2019,1
279,Lama-1,F,{CHAT-CRE},7/23/2021,1
280,Lama-2,F,{CHAT-CRE},7/23/2021,1
281,Lama-3,F,{CHAT-CRE},11/2/2021,1
282,Lama-4,F,{CHAT-CRE},11/2/2021,1
283,Lama-5,F,{CHAT-CRE},5/17/2022,1
284,Lama-6,F,{CHAT-CRE},6/8/2022,1
285,Lama-7,F,{CHAT-CRE},9/30/2022,1
286,Lama-8,F,{CHAT-CRE},9/30/2022,1
287,Lika-1,F,"{ISL1-FLOX, NEUROG2-FLOX}",8/2/2021,1
288,Lika-1,F,"{ISL1-FLOX, NEUROG2-FLOX}",11/19/2022,1
289,Lika-1,F,"{ISL1-FLOX, NEUROG2-FLOX}",6/28/2023,1
290,Lika-2,F,"{ISL1-FLOX, NEUROG2-FLOX}",8/2/2021,1
291,Lika-2,F,"{ISL1-FLOX, NEUROG2-FLOX}",11/19/2022,1
292,Lika-2,F,"{ISL1-FLOX, NEUROG2-FLOX}",6/28/2023,1
293,Lika-3,F,"{ISL1-FLOX, NEUROG2-FLOX}",11/5/2021,1
294,Lika-4,F,"{ISL1-FLOX, NEUROG2-FLOX}",11/26/2021,1
295,Lika-5,F,"{ISL1-FLOX, NEUROG2-FLOX}",5/19/2022,1
296,Lika-6,F,"{ISL1-FLOX, NEUROG2-FLOX}",5/19/2022,1
297,Lika-7,F,"{ISL1-FLOX, NEUROG2-FLOX}",11/19/2022,1
298,Lika-8,F,"{ISL1-FLOX, NEUROG2-FLOX}",11/19/2022,1
299,Linda-3,F,"{VGLUT3-CRE, BAX-KO, ROSA-RFP}",9/18/2019,1
300,Linda-4,F,"{VGLUT3-CRE, BAX-KO, ROSA-RFP}",12/1/2019,1
301,Linda-5,F,"{VGLUT3-CRE, BAX-KO, ROSA-RFP}",5/13/2020,1
302,Lizzy-1,F,{SOX5-FLOX},9/8/2023,1
303,Lizzy-2,F,{SOX5-FLOX},9/8/2023,1
304,Lizzy-3,F,"{RX-CRE, SOX5-FLOX}",8/17/2023,1
305,Lucy-1,F,{NFIA-FLOX},5/5/2021,1
306,Lucy-11,F,"{PROX1-CRE, NFIA-FLOX}",7/7/2021,1
307,Lucy-12,F,"{PROX1-CRE, NFIA-FLOX}",7/14/2021,1
308,Lucy-2,F,"{PROX1-CRE, NFIA-FLOX}",4/28/2021,1
309,Lucy-21,F,{NFIA-FLOX},7/27/2021,1
310,Lucy-22,F,{NFIA-FLOX},7/27/2021,1
311,Lucy-23,F,{NFIA-FLOX},7/27/2021,1
312,Lucy-24,F,{NFIA-FLOX},7/27/2021,1
313,Lucy-25,F,{NFIA-FLOX},7/17/2021,1
314,Lucy-26,F,{NFIA-FLOX},8/3/2021,1
315,Lucy-3,F,"{PROX1-CRE, NFIA-FLOX}",4/29/2021,1
316,Lucy-30,F,{NFIA-FLOX},9/9/2021,1
317,Lucy-31,F,{NFIA-FLOX},9/9/2021,1
318,Lucy-32,F,"{PROX1-CRE, NFIA-FLOX, CDH1-GFP}",2/23/2022,1
319,Lucy-33,F,"{PROX1-CRE, NFIA-FLOX, CDH1-GFP}",2/23/2022,1
320,Lucy-34,F,"{PROX1-CRE, NFIA-FLOX, CDH1-GFP}",7/26/2022,1
321,Lucy-35,F,"{PROX1-CRE, NFIA-FLOX, CDH1-GFP}",7/26/2022,1
322,Lucy-36,F,"{PROX1-CRE, NFIA-FLOX, CDH1-GFP}",11/10/2022,1
323,Lucy-37,F,"{PROX1-CRE, NFIA-FLOX, CDH1-GFP}",11/10/2022,1
324,Lucy-40,F,"{NFIA-FLOX, CDH1-GFP}",11/28/2021,1
325,Lucy-41,F,"{NFIA-FLOX, CDH1-GFP}",12/7/2021,1
326,Lucy-42,F,{NFIA-FLOX},12/7/2021,1
327,Lucy-43,F,"{NFIA-FLOX, CDH1-GFP}",2/23/2022,1
328,Lucy-44,F,"{NFIA-FLOX, CDH1-GFP}",3/18/2022,1
329,Martha-1,F,"{RBFOX1-FLOX, RBFOX2-FLOX}",8/13/2019,1
330,Martha-1,F,"{RX-CRE, RBFOX1-FLOX, RBFOX2-FLOX}",2/16/2021,1
331,Martha-1,F,"{RBFOX1-FLOX, RBFOX2-FLOX}",6/21/2021,1
332,Martha-1,F,"{RBFOX1-FLOX, RBFOX2-FLOX}",10/18/2021,1
333,Martha-10,F,"{RBFOX1-FLOX, RBFOX2-FLOX}",11/30/2019,1
334,Martha-10,F,"{RBFOX1-FLOX, RBFOX2-FLOX}",1/28/2022,1
335,Martha-11,F,"{RBFOX1-FLOX, RBFOX2-FLOX}",12/1/2019,1
336,Martha-11,F,"{RBFOX1-FLOX, RBFOX2-FLOX}",4/3/2022,1
337,Martha-12,F,"{RBFOX1-FLOX, RBFOX2-FLOX}",5/28/2020,1
338,Martha-12,F,"{CHX10-CRE, RBFOX1-FLOX, RBFOX2-FLOX}",6/20/2022,1
339,Martha-13,F,"{RBFOX1-FLOX, RBFOX2-FLOX}",6/22/2020,1
340,Martha-13,F,"{CHX10-CRE, RBFOX1-FLOX, RBFOX2-FLOX}",7/28/2022,1
341,Martha-14,F,"{RBFOX1-FLOX, RBFOX2-FLOX}",8/26/2020,1
342,Martha-14,F,"{RBFOX1-FLOX, RBFOX2-FLOX}",8/7/2022,1
343,Martha-15,F,"{CHX10-CRE, RBFOX1-FLOX, RBFOX2-FLOX}",8/28/2022,1
344,Martha-16,F,"{CHX10-CRE, RBFOX1-FLOX, RBFOX2-FLOX}",10/4/2022,1
345,Martha-16,F,"{CHX10-CRE, RBFOX2-FLOX}",2/21/2023,1
346,Martha-17,F,"{CHX10-CRE, RBFOX2-FLOX}",11/15/2022,1
347,Martha-18,F,"{CHX10-CRE, RBFOX2-FLOX}",2/21/2023,1
348,Martha-19,F,"{CHX10-CRE, RBFOX2-FLOX}",4/26/2023,1
349,Martha-2,F,"{RX-CRE, RBFOX1-FLOX, RBFOX2-FLOX}",3/13/2021,1
350,Martha-2,F,"{RBFOX1-FLOX, RBFOX2-FLOX}",12/6/2021,1
351,Martha-20,F,"{RBFOX1-FLOX, RBFOX2-FLOX}",10/12/2020,1
352,Martha-21,F,"{RBFOX1-FLOX, RBFOX2-FLOX}",10/19/2020,1
353,Martha-22,F,"{RBFOX1-FLOX, RBFOX2-FLOX}",1/22/2021,1
354,Martha-23,F,"{RBFOX1-FLOX, RBFOX2-FLOX}",1/22/2021,1
355,Martha-24,F,{B6/J},8/28/2021,1
356,Martha-25,F,{B6/J},8/28/2021,1
357,Martha-3,F,"{RBFOX1-FLOX, RBFOX2-FLOX}",8/13/2019,1
358,Martha-3,F,"{RX-CRE, RBFOX1-FLOX, RBFOX2-FLOX}",3/30/2021,1
359,Martha-3,F,"{RBFOX1-FLOX, RBFOX2-FLOX}",12/6/2021,1
360,Martha-30,F,"{RX-CRE, RBFOX1-FLOX, RBFOX2-FLOX}",10/28/2020,1
361,Martha-31,F,"{RX-CRE, RBFOX1-FLOX, RBFOX2-FLOX}",10/30/2020,1
362,Martha-4,F,{RBFOX2-FLOX},12/1/2019,1
363,Martha-4,F,"{RBFOX1-FLOX, RBFOX2-FLOX}",2/5/2020,1
364,Martha-40,F,"{RX-CRE, RBFOX1-FLOX, RBFOX2-FLOX}",11/22/2020,1
365,Martha-41,F,"{RX-CRE, RBFOX1-FLOX, RBFOX2-FLOX}",12/16/2020,1
366,Martha-5,F,"{RBFOX1-FLOX, RBFOX2-FLOX}",2/5/2020,1
367,Martha-6,F,"{RBFOX1-FLOX, RBFOX2-FLOX}",5/28/2020,1
368,MaryJane-1,F,{SOX5-FLOX},1/12/2019,1
369,MaryJane-1,F,{SOX5-FLOX},1/23/2020,1
370,MaryJane-1,F,{SOX5-FLOX},12/4/2020,1
371,MaryJane-1,F,{SOX5-FLOX},12/30/2021,1
372,MaryJane-1,F,{SOX5-FLOX},5/10/2023,1
373,MaryJane-2,F,{SOX5-FLOX},6/26/2019,1
374,MaryJane-2,F,{SOX5-FLOX},4/30/2020,1
375,MaryJane-2,F,{SOX5-FLOX},12/4/2020,1
376,MaryJane-2,F,{SOX5-FLOX},12/30/2021,1
377,MaryJane-2,F,{SOX5-FLOX},5/10/2023,1
378,MaryJane-20,F,{SOX5-FLOX},5/10/2023,1
379,MaryJane-21,F,{SOX5-FLOX},5/10/2023,1
380,MaryJane-3,F,{SOX5-FLOX},4/30/2020,1
381,MaryJane-3,F,{SOX5-FLOX},2/14/2021,1
382,MaryJane-3,F,{SOX5-FLOX},6/15/2022,1
383,MaryJane-4,F,{SOX5-FLOX},10/27/2020,1
384,MaryJane-4,F,{SOX5-FLOX},6/27/2022,1
385,MaryJane-5,F,{SOX5-FLOX},10/27/2020,1
386,MaryJane-5,F,{SOX5-FLOX},9/10/2022,1
387,MaryJane-6,F,{SOX5-FLOX},4/26/2021,1
388,MaryJane-6,F,{SOX5-FLOX},9/10/2022,1
389,MaryJane-7,F,{SOX5-FLOX},6/1/2021,1
390,MaryJane-8,F,{SOX5-FLOX},6/1/2021,1
391,Meghan-1,F,"{CHX10-CRE, NEUROG2-FLOX}",8/30/2021,1
392,Meghan-2,F,"{CHX10-CRE, NEUROG2-FLOX}",8/30/2021,1
393,Michelle-3,F,"{RX-CRE, RBFOX2-FLOX}",4/9/2019,1
394,Mila-1,F,"{CHX10-CRE, ISL1-FLOX}",9/10/2021,1
395,Mila-2,F,"{CHX10-CRE, ISL1-FLOX}",9/21/2021,1
396,Minnie-1,F,{VGLUT3-CRE},3/13/2021,1
397,Minnie-1,F,{VGLUT3-CRE},2/23/2023,1
398,Minnie-2,F,{VGLUT3-CRE},3/13/2021,1
399,Minnie-3,F,{VGLUT3-CRE},11/8/2021,1
400,Minnie-4,F,{VGLUT3-CRE},11/8/2021,1
401,Minnie-4,F,{VGLUT3-CRE},3/7/2022,1
402,Minnie-5,F,{VGLUT3-CRE},2/21/2022,1
403,Minnie-6,F,{VGLUT3-CRE},8/30/2022,1
404,Minnie-7,F,{VGLUT3-CRE},8/30/2022,1
405,Nikki-1,F,{NEUROG2-FLOX},5/15/2021,1
406,Nikki-1,F,{NEUROG2-FLOX},6/23/2023,1
407,Nikki-2,F,{NEUROG2-FLOX},5/15/2021,1
408,Nikki-2,F,{NEUROG2-FLOX},6/23/2023,1
409,Nikki-3,F,{NEUROG2-FLOX},9/21/2021,1
410,Nikki-3,F,{NEUROG2-FLOX},6/21/2023,1
411,Nikki-4,F,{NEUROG2-FLOX},10/12/2021,1
412,Nikki-41,F,{NEUROG2-FLOX},5/15/2021,1
413,Nikki-42,F,{NEUROG2-FLOX},5/15/2021,1
414,Nikki-5,F,{NEUROG2-FLOX},1/7/2022,1
415,Nikki-51,F,{NEUROG2-FLOX},5/15/2021,1
416,Nikki-52,F,{NEUROG2-FLOX},5/15/2021,1
417,Nikki-6,F,{NEUROG2-FLOX},4/20/2022,1
418,Nikki-7,F,{NEUROG2-FLOX},7/21/2022,1
419,Nikki-8,F,{NEUROG2-FLOX},7/14/2022,1
420,Ollie-1,F,{BAX-KO},6/19/2021,1
421,Ollie-10,F,{BAX-KO},2/16/2023,1
422,Ollie-11,F,{BAX-KO},9/11/2023,1
423,Ollie-12,F,{BAX-KO},9/11/2023,1
424,Ollie-2,F,{BAX-KO},8/25/2021,1
425,Ollie-3,F,{BAX-KO},11/16/2021,1
426,Ollie-4,F,{BAX-KO},11/16/2021,1
427,Ollie-5,F,{BAX-KO},6/19/2022,1
428,Ollie-6,F,{BAX-KO},7/26/2022,1
429,Ollie-64,F,{BAX-KO},10/13/2020,1
430,Ollie-65,F,{BAX-KO},2/24/2021,1
431,Ollie-7,F,{BAX-KO},7/26/2022,1
432,Ollie-8,F,{BAX-KO},1/7/2023,1
433,Ollie-9,F,{BAX-KO},1/7/2023,1
434,Pam-1,F,{VGLUT3-KO},3/5/2020,1
435,Pam-2,F,{VGLUT3-KO},7/27/2019,1
436,Patsy-1,F,"{CHX10-CRE, RBFOX2-FLOX}",6/20/2022,1
437,Patsy-10,F,"{CHX10-CRE, BAX-KO, RBFOX2-FLOX}",8/31/2022,1
438,Patsy-11,F,"{BAX-KO, RBFOX2-FLOX}",9/26/2022,1
439,Patsy-12,F,"{CHX10-CRE, BAX-KO, RBFOX2-FLOX}",9/26/2022,1
440,Patsy-13,F,"{BAX-KO, RBFOX2-FLOX}",12/27/2022,1
441,Patsy-14,F,"{CHX10-CRE, BAX-KO, RBFOX2-FLOX}",3/29/2023,1
442,Patsy-15,F,"{CHX10-CRE, BAX-KO, RBFOX2-FLOX}",3/29/2023,1
443,Patsy-15,F,"{CHX10-CRE, BAX-KO, RBFOX2-FLOX}",7/20/2023,1
444,Peach-1,F,{SOX2-FLOX},3/13/2021,1
445,Peach-2,F,{SOX2-FLOX},3/13/2021,1
446,Peach-30,F,{SOX2-FLOX},6/27/2019,1
447,Peach-31,F,{SOX2-FLOX},6/27/2019,1
448,Pepper-1,F,"{SOX5-FLOX, GUSTDUCIN-GFP}",2/18/2020,1
449,Pepper-1,F,"{SOX5-FLOX, GUSTDUCIN-GFP}",9/3/2021,1
451,Pepper-1,F,"{VSX2-CRE, SOX5-FLOX, GUSTDUCIN-GFP}",3/25/2022,2
452,Pepper-2,F,"{SOX5-FLOX, GUSTDUCIN-GFP}",2/18/2020,1
453,Pepper-2,F,"{SOX5-FLOX, GUSTDUCIN-GFP}",10/29/2021,1
454,Pepper-3,F,"{SOX5-FLOX, GUSTDUCIN-GFP}",8/31/2020,1
455,Pepper-3,F,"{SOX5-FLOX, GUSTDUCIN-GFP}",10/31/2021,1
456,Pepper-4,F,"{SOX5-FLOX, GUSTDUCIN-GFP}",5/10/2019,1
457,Pepper-4,F,"{SOX5-FLOX, GUSTDUCIN-GFP}",9/24/2020,1
458,Pepper-5,F,"{SOX5-FLOX, GUSTDUCIN-GFP}",5/10/2019,1
459,Pepper-5,F,"{VSX2-CRE, SOX5-FLOX, GUSTDUCIN-GFP}",1/7/2021,1
460,Pepper-6,F,"{SOX5-FLOX, GUSTDUCIN-GFP}",8/30/2019,1
461,Pepper-6,F,"{VSX2-CRE, SOX5-FLOX, GUSTDUCIN-GFP}",2/13/2021,1
462,Pepper-7,F,"{SOX5-FLOX, GUSTDUCIN-GFP}",8/30/2019,1
463,Pepper-7,F,{SOX5-FLOX},2/14/2021,1
464,Pepper-8,F,"{SOX5-FLOX, GUSTDUCIN-GFP}",12/1/2019,1
465,Pepper-8,F,"{SOX5-FLOX, GUSTDUCIN-GFP}",6/26/2021,1
466,Pepper-9,F,"{SOX5-FLOX, GUSTDUCIN-GFP}",12/1/2019,1
467,Quinn-1,F,"{CDH1-GFP, NFIA-FLOX}",5/7/2023,1
468,Quinn-2,F,"{CDH1-GFP, NFIA-FLOX}",5/7/2023,1
469,Rita-1,F,{NRL-KO},4/30/2020,1
470,Rita-1,F,{NRL-KO},5/31/2021,1
471,Rita-2,F,{NRL-KO},8/23/2020,1
472,Rita-2,F,{NRL-KO},5/31/2021,1
473,Rita-3,F,{NRL-KO},11/19/2020,1
474,Rita-4,F,{NRL-KO},11/19/2020,1
475,Rita-6,F,{NRL-KO},9/9/2019,1
476,Rita-7,F,{NRL-KO},9/18/2019,1
477,Rita-8,F,{NRL-KO},2/22/2020,1
478,Rita-9,F,{NRL-KO},2/22/2020,1
479,Rose-1,F,{BAX-FLOX},6/2/2019,1
480,Rose-10,F,{BAX-FLOX},11/7/2019,1
481,Rose-11,F,{BAX-FLOX},11/7/2019,1
482,Rose-12,F,{BAX-FLOX},5/21/2020,1
483,Rose-13,F,{BAX-FLOX},5/21/2020,1
484,Rose-14,F,{BAX-FLOX},11/27/2020,1
485,Rose-2,F,{BAX-FLOX},6/2/2019,1
486,Rose-3,F,{BAX-FLOX},11/7/2019,1
487,Rose-4,F,{BAX-FLOX},11/7/2019,1
488,Rose-5,F,{BAX-FLOX},7/14/2020,1
489,Rose-6,F,{BAX-FLOX},10/5/2020,1
490,Rose-7,F,{BAX-FLOX},10/5/2020,1
491,Rose-8,F,{BAX-FLOX},6/3/2019,1
492,Rose-8,F,{BAX-FLOX},12/6/2020,1
493,Rose-80,F,{BAX-FLOX},11/14/2022,1
494,Rose-81,F,{BAX-FLOX},3/16/2021,1
495,Rose-81,F,{BAX-FLOX},11/14/2022,1
496,Rose-81,F,{BAX-FLOX},2/20/2023,1
497,Rose-82,F,{BAX-FLOX},4/8/2021,1
498,Rose-82,F,{BAX-FLOX},2/20/2023,1
499,Rose-83,F,{BAX-FLOX},7/10/2021,1
500,Rose-83,F,{BAX-FLOX},7/5/2023,1
501,Rose-84,F,{BAX-FLOX},10/7/2021,1
502,Rose-85,F,{BAX-FLOX},1/15/2022,1
503,Rose-86,F,{BAX-FLOX},3/5/2022,1
504,Rose-87,F,{BAX-FLOX},3/5/2022,1
505,Rose-87,F,{BAX-FLOX},5/25/2022,1
506,Rose-88,F,{BAX-FLOX},7/24/2022,1
507,Rose-9,F,{BAX-FLOX},6/3/2019,1
508,Sharron-1,F,{NFIA-FLOX},10/30/2019,1
509,Sharron-1,F,{NFIA-FLOX},3/26/2021,1
510,Sharron-1,F,{NFIA-FLOX},7/24/2023,1
511,Sharron-10,F,{NFIA-FLOX},10/26/2022,1
512,Sharron-11,F,{NFIA-FLOX},10/26/2022,1
513,Sharron-12,F,{NFIA-FLOX},2/14/2023,1
514,Sharron-2,F,{NFIA-FLOX},6/11/2020,1
515,Sharron-2,F,{NFIA-FLOX},3/26/2021,1
516,Sharron-2,F,{NFIA-FLOX},7/24/2023,1
517,Sharron-3,F,{NFIA-FLOX},5/19/2019,1
518,Sharron-3,F,{NFIA-FLOX},9/8/2020,1
519,Sharron-3,F,{NFIA-FLOX},6/19/2021,1
520,Sharron-3,F,{NFIA-FLOX},7/24/2023,1
521,Sharron-4,F,{NFIA-FLOX},12/26/2020,1
522,Sharron-4,F,{NFIA-FLOX},7/27/2021,1
523,Sharron-5,F,{NFIA-FLOX},10/12/2021,1
524,Sharron-6,F,{NFIA-FLOX},10/12/2021,1
525,Sharron-7,F,{NFIA-FLOX},1/28/2022,1
526,Sharron-8,F,{NFIA-FLOX},4/5/2022,1
527,Sharron-9,F,{NFIA-FLOX},4/5/2022,1
528,Thelma-1,F,{NFIA-FLOX},6/11/2020,1
529,Thelma-2,F,{NFIA-FLOX},6/11/2020,1
530,Thelma-2,F,"{GFAP-CRE, NFIA-FLOX}",8/26/2020,1
531,Thelma-6,F,"{GFAP-CRE, NFIA-FLOX}",9/23/2019,1
532,Thelma-7,F,{NFIA-FLOX},10/30/2019,1
533,Thelma-8,F,{NFIA-FLOX},10/30/2019,1
534,Veronica-1,F,{ZMIZ2-FLOX},1/4/2020,1
535,Veronica-1,F,"{RX-CRE, ZMIZ2-FLOX}",3/9/2021,1
536,Veronica-1,F,{ZMIZ2-FLOX},12/3/2022,1
537,Veronica-11,F,{ZMIZ2-FLOX},6/3/2021,1
538,Veronica-12,F,"{RX-CRE, ZMIZ2-FLOX, ROSA-RFP}",6/24/2021,1
539,Veronica-2,F,{ZMIZ2-FLOX},1/3/2020,1
540,Veronica-2,F,"{RX-CRE, ZMIZ2-FLOX}",3/9/2021,1
541,Veronica-2,F,{ZMIZ2-FLOX},12/3/2022,1
542,Veronica-3,F,{ZMIZ2-FLOX},6/12/2020,1
543,Veronica-3,F,"{RX-CRE, ZMIZ2-FLOX}",3/17/2021,1
544,Veronica-3,F,{ZMIZ2-FLOX},9/7/2021,1
545,Veronica-3,F,{ZMIZ2-FLOX},2/27/2023,1
546,Veronica-4,F,{ZMIZ2-FLOX},6/19/2019,1
547,Veronica-4,F,{ZMIZ2-FLOX},6/12/2020,1
548,Veronica-4,F,"{RX-CRE, ZMIZ2-FLOX, ROSA-RFP}",6/24/2021,1
549,Veronica-4,F,{ZMIZ2-FLOX},9/16/2021,1
550,Veronica-4,F,{ZMIZ2-FLOX},2/27/2023,1
551,Veronica-5,F,{ZMIZ2-FLOX},6/19/2019,1
552,Veronica-5,F,{ZMIZ2-FLOX},8/20/2020,1
553,Veronica-5,F,{ZMIZ2-FLOX},5/30/2023,1
554,Veronica-50,F,{ZMIZ2-FLOX},5/11/2020,1
555,Veronica-50,F,{ZMIZ2-FLOX},3/12/2021,1
556,Veronica-50,F,{ZMIZ2-FLOX},9/7/2021,1
557,Veronica-51,F,{ZMIZ2-FLOX},5/15/2020,1
558,Veronica-51,F,{ZMIZ2-FLOX},3/12/2021,1
559,Veronica-52,F,{ZMIZ2-FLOX},11/2/2019,1
560,Veronica-52,F,{ZMIZ2-FLOX},10/21/2020,1
561,Veronica-52,F,{ZMIZ2-FLOX},6/16/2021,1
562,Veronica-53,F,{ZMIZ2-FLOX},11/2/2019,1
563,Veronica-53,F,{ZMIZ2-FLOX},10/21/2020,1
564,Veronica-53,F,{ZMIZ2-FLOX},2/18/2022,1
565,Veronica-54,F,{ZMIZ2-FLOX},2/18/2022,1
566,Veronica-55,F,{ZMIZ2-FLOX},8/24/2022,1
567,Veronica-56,F,{ZMIZ2-FLOX},8/24/2022,1
568,Veronica-6,F,{ZMIZ2-FLOX},11/2/2019,1
569,Veronica-6,F,{ZMIZ2-FLOX},8/23/2020,1
570,Veronica-6,F,{ZMIZ2-FLOX},5/30/2023,1
571,Veronica-7,F,{ZMIZ2-FLOX},11/2/2019,1
572,Wanda-1,F,"{RBFOX1-FLOX, RBFOX2-FLOX}",1/28/2022,1
573,Wanda-2,F,"{RBFOX1-FLOX, RBFOX2-FLOX}",4/1/2022,1
574,Wanda-3,F,"{RBFOX1-FLOX, RBFOX2-FLOX}",6/10/2022,1
575,Wanda-4,F,"{RBFOX1-FLOX, RBFOX2-FLOX}",7/27/2022,1
576,Wanda-5,F,"{RBFOX1-FLOX, RBFOX2-FLOX}",10/16/2022,1
577,Wanda-6,F,"{RBFOX1-FLOX, RBFOX2-FLOX}",10/16/2022,1
578,Wanda-6,F,"{RBFOX1-FLOX, RBFOX2-FLOX}",4/28/2023,1
579,Wanda-7,F,"{RBFOX1-FLOX, RBFOX2-FLOX}",4/28/2023,1
580,Xena-1,F,{GUSTDUCIN-GFP},7/25/2019,1
581,Xena-1,F,{GUSTDUCIN-GFP},1/3/2021,1
582,Xena-1,F,{GUSTDUCIN-GFP},11/27/2022,1
583,Xena-10,F,{GUSTDUCIN-GFP},9/20/2022,1
584,Xena-2,F,{GUSTDUCIN-GFP},11/3/2019,1
585,Xena-2,F,{GUSTDUCIN-GFP},1/3/2021,1
586,Xena-2,F,{GUSTDUCIN-GFP},1/24/2023,1
587,Xena-3,F,{GUSTDUCIN-GFP},1/23/2020,1
588,Xena-3,F,{GUSTDUCIN-GFP},6/10/2021,1
589,Xena-3,F,{GUSTDUCIN-GFP},5/30/2023,1
590,Xena-4,F,{GUSTDUCIN-GFP},4/27/2020,1
591,Xena-4,F,{GUSTDUCIN-GFP},6/10/2021,1
592,Xena-4,F,{GUSTDUCIN-GFP},5/30/2023,1
593,Xena-5,F,{GUSTDUCIN-GFP},5/23/2019,1
594,Xena-5,F,{GUSTDUCIN-GFP},6/7/2020,1
595,Xena-5,F,{GUSTDUCIN-GFP},12/6/2021,1
596,Xena-6,F,{GUSTDUCIN-GFP},10/12/2020,1
597,Xena-6,F,{GUSTDUCIN-GFP},12/6/2021,1
598,Xena-7,F,{GUSTDUCIN-GFP},3/23/2022,1
599,Xena-8,F,{GUSTDUCIN-GFP},5/30/2022,1
600,Xena-9,F,{GUSTDUCIN-GFP},5/30/2022,1
601,Yoko-1,F,{ROSA-RFP},2/11/2021,1
602,Yoko-10,F,{ROSA-RFP},2/13/2021,1
603,Yoko-2,F,{ROSA-RFP},2/11/2021,1
604,Yoko-3,F,{ROSA-RFP},4/15/2021,1
605,Zelda-1,F,"{CDH1-GFP, BAX-KO}",7/31/2020,1
606,Zelda-1,F,"{CDH1-GFP, BAX-KO}",2/16/2021,1
607,Zelda-1,F,"{CDH1-GFP, BAX-KO}",6/23/2021,1
608,Zelda-10,F,"{CDH1-GFP, BAX-KO}",5/18/2020,1
609,Zelda-2,F,"{CDH1-GFP, BAX-KO}",7/31/2020,1
610,Zelda-2,F,"{CDH1-GFP, BAX-KO}",3/10/2021,1
611,Zelda-2,F,"{CDH1-GFP, BAX-KO}",6/23/2021,1
612,Zelda-3,F,"{CDH1-GFP, BAX-KO}",8/11/2020,1
613,Zelda-4,F,"{CDH1-GFP, BAX-KO}",10/8/2020,1
614,Zelda-5,F,"{CDH1-GFP, BAX-KO}",10/8/2020,1
615,Zelda-6,F,"{CDH1-GFP, BAX-KO}",10/31/2020,1
616,Adam-1,M,{GUSTDUCIN-GFP},7/25/2019,1
617,Adam-1,M,{GUSTDUCIN-GFP},1/3/2021,1
618,Adam-1,M,{GUSTDUCIN-GFP},11/27/2022,1
619,Adam-10,M,{GUSTDUCIN-GFP},9/20/2022,1
620,Adam-2,M,{GUSTDUCIN-GFP},11/3/2019,1
621,Adam-2,M,{GUSTDUCIN-GFP},1/3/2021,1
622,Adam-2,M,{GUSTDUCIN-GFP},1/24/2023,1
623,Adam-3,M,{GUSTDUCIN-GFP},1/23/2020,1
624,Adam-3,M,{GUSTDUCIN-GFP},6/10/2021,1
625,Adam-3,M,{GUSTDUCIN-GFP},5/30/2023,1
626,Adam-4,M,{GUSTDUCIN-GFP},4/27/2020,1
627,Adam-4,M,{GUSTDUCIN-GFP},6/10/2021,1
628,Adam-4,M,{GUSTDUCIN-GFP},5/30/2023,1
629,Adam-5,M,{GUSTDUCIN-GFP},5/23/2019,1
630,Adam-5,M,{GUSTDUCIN-GFP},6/7/2020,1
631,Adam-5,M,{GUSTDUCIN-GFP},12/6/2021,1
632,Adam-6,M,{GUSTDUCIN-GFP},10/12/2020,1
633,Adam-6,M,{GUSTDUCIN-GFP},12/6/2021,1
634,Adam-7,M,{GUSTDUCIN-GFP},3/23/2022,1
635,Adam-8,M,{GUSTDUCIN-GFP},6/16/2022,1
636,Adam-9,M,{GUSTDUCIN-GFP},6/16/2022,1
637,Alex-1,M,"{DIXDC1-KO, CDH1-GFP}",8/26/2019,1
638,Alex-1,M,"{DIXDC1-KO, CDH1-GFP}",8/23/2020,1
639,Alex-2,M,"{DIXDC1-KO, CDH1-GFP}",9/30/2019,1
640,Alex-3,M,"{DIXDC1-KO, CDH1-GFP}",12/23/2019,1
641,Alex-4,M,"{DIXDC1-KO, CDH1-GFP}",12/23/2019,1
642,Archie-50,M,{ZMIZ2-FLOX},6/19/2019,1
643,Archie-50,M,{ZMIZ2-FLOX},5/11/2020,1
644,Archie-51,M,{ZMIZ2-FLOX},6/19/2019,1
645,Archie-51,M,{ZMIZ2-FLOX},5/11/2020,1
646,Archie-52,M,{ZMIZ2-FLOX},11/2/2019,1
647,Archie-52,M,{ZMIZ2-FLOX},10/21/2020,1
648,Archie-53,M,{ZMIZ2-FLOX},11/2/2019,1
649,Archie-53,M,{ZMIZ2-FLOX},10/21/2020,1
650,Ashton-1,M,"{CHX10-CRE, ISL1-FLOX}",9/21/2021,1
651,Ashton-2,M,"{CHX10-CRE, ISL1-FLOX}",9/10/2021,1
652,Barack-3,M,"{RX-CRE, RBFOX2-FLOX}",4/9/2019,1
653,Bob-1,M,{B6/J},1/23/2020,1
654,Bob-1,M,{B6/J},1/22/2021,1
655,Bob-1,M,{B6/J},7/31/2021,1
656,Bob-1,M,{B6/J},1/20/2023,1
657,Bob-10,M,{B6/J},10/9/2019,1
658,Bob-2,M,{B6/J},2/24/2021,1
659,Bob-2,M,{B6/J},3/13/2023,1
660,Bob-3,M,{B6/J},9/9/2019,1
661,Bob-3,M,{B6/J},7/6/2021,1
662,Bob-3,M,{B6/J},6/2/2023,1
663,Bob-30,M,{B6/J},6/29/2019,1
664,Bob-31,M,{B6/J},6/29/2019,1
665,Bob-4,M,{B6/J},11/17/2019,1
666,Bob-4,M,{B6/J},12/6/2021,1
667,Bob-4,M,{B6/J},6/2/2023,1
668,Bob-5,M,{B6/J},7/13/2020,1
669,Bob-5,M,{B6/J},2/21/2022,1
670,Bob-6,M,{B6/J},4/12/2019,1
671,Bob-6,M,{B6/J},4/30/2020,1
672,Bob-6,M,{B6/J},2/21/2022,1
673,Bob-64,M,{B6/J},10/16/2020,1
674,Bob-7,M,{B6/J},12/28/2020,1
675,Bob-7,M,{B6/J},3/23/2022,1
676,Bob-70,M,{B6/J},11/27/2020,1
677,Bob-71,M,{B6/J},10/16/2020,1
678,Bob-77,M,{B6/J},2/24/2021,1
679,Bob-8,M,{B6/J},7/14/2022,1
680,Bob-9,M,{B6/J},8/8/2022,1
681,Cameron-1,M,{CDH1-GFP},11/1/2019,1
682,Cameron-10,M,{CDH1-GFP},5/17/2020,1
683,Cameron-2,M,{CDH1-GFP},11/1/2019,1
684,Cameron-3,M,{CDH1-GFP},2/23/2019,1
685,Cameron-3,M,{CDH1-GFP},5/17/2020,1
686,Cameron-4,M,{CDH1-GFP},5/17/2020,1
687,Cameron-5,M,{CDH1-GFP},11/7/2020,1
688,Cameron-6,M,{CDH1-GFP},11/7/2020,1
689,Clark-1,M,{VSX2-CRE},11/30/2020,1
690,Clark-11,M,{VSX2-CRE},5/15/2020,1
691,Clark-12,M,{VSX2-CRE},5/13/2019,1
692,Clark-12,M,{VSX2-CRE},5/15/2020,1
693,Clark-13,M,{VSX2-CRE},11/30/2020,1
694,Clark-14,M,{VSX2-CRE},12/10/2020,1
695,Clark-15,M,{VSX2-CRE},6/8/2021,1
696,Clark-16,M,{VSX2-CRE},6/8/2021,1
697,Clark-17,M,{VSX2-CRE},6/3/2019,1
698,Clark-17,M,{VSX2-CRE},12/15/2021,1
699,Clark-18,M,{VSX2-CRE},11/6/2019,1
700,Clark-18,M,{VSX2-CRE},1/28/2022,1
701,Clark-19,M,{VSX2-CRE},12/31/2019,1
702,Clark-19,M,{VSX2-CRE},7/6/2022,1
703,Clark-2,M,{VSX2-CRE},11/30/2020,1
704,Clark-20,M,{VSX2-CRE},7/6/2022,1
705,Clark-21,M,{VSX2-CRE},1/27/2023,1
706,Clark-22,M,{VSX2-CRE},1/27/2023,1
707,Clark-23,M,{VSX2-CRE},7/4/2023,1
708,Clark-3,M,"{VSX2-CRE, SOX5-FLOX}",2/11/2021,1
709,Clark-31,M,{VSX2-CRE},7/4/2020,1
710,Clark-32,M,"{VSX2-CRE, ISL1-FLOX}",11/10/2020,1
711,Clark-33,M,"{VSX2-CRE, ISL1-FLOX}",12/23/2020,1
712,Clark-34,M,"{VSX2-CRE, ISL1-FLOX}",12/23/2020,1
713,Clyde-1,M,"{CHX10-CRE, RBFOX2-FLOX}",5/20/2022,1
714,Clyde-10,M,"{CHX10-CRE, BAX-FLOX, RBFOX2-FLOX}",8/7/2022,1
715,Clyde-11,M,"{BAX-FLOX, RBFOX2-FLOX}",8/7/2022,1
716,Clyde-12,M,"{BAX-FLOX, RBFOX2-FLOX}",9/17/2022,1
717,Clyde-13,M,"{CHX10-CRE, BAX-FLOX, RBFOX2-FLOX}",9/17/2022,1
718,Clyde-14,M,"{CHX10-CRE, BAX-FLOX, RBFOX2-FLOX}",12/12/2022,1
719,Clyde-15,M,"{CHX10-CRE, BAX-FLOX, RBFOX2-FLOX}",3/15/2023,1
720,Clyde-16,M,"{CHX10-CRE, BAX-FLOX, RBFOX2-FLOX}",4/6/2023,1
721,Clyde-17,M,"{CHX10-CRE, BAX-FLOX, RBFOX2-FLOX}",4/6/2023,1
722,Cosmo-1,M,"{RBFOX1-FLOX, RBFOX2-FLOX}",2/20/2022,1
723,Cosmo-2,M,"{RBFOX1-FLOX, RBFOX2-FLOX}",4/1/2022,1
724,Cosmo-3,M,"{RBFOX1-FLOX, RBFOX2-FLOX}",6/10/2022,1
725,Cosmo-4,M,"{RBFOX1-FLOX, RBFOX2-FLOX}",7/27/2022,1
726,Cosmo-5,M,"{RBFOX1-FLOX, RBFOX2-FLOX}",10/16/2022,1
727,Cosmo-6,M,"{RBFOX1-FLOX, RBFOX2-FLOX}",10/16/2022,1
728,Cosmo-6,M,"{RBFOX1-FLOX, RBFOX2-FLOX}",4/28/2023,1
729,Cosmo-7,M,"{RBFOX1-FLOX, RBFOX2-FLOX}",4/28/2023,1
730,Daisy-3,M,{CDH1-GFP},2/23/2019,1
731,Darcy-1,M,"{RX-CRE, SOX5-FLOX}",8/17/2023,1
732,Darcy-2,M,"{RX-CRE, SOX5-FLOX}",8/17/2023,1
733,Darcy-3,M,{SOX5-FLOX},9/8/2023,1
734,Dean-1,M,"{BAX-KO, RBFOX2-FLOX}",6/19/2022,1
735,Dean-10,M,"{CHX10-CRE, BAX-KO, RBFOX2-FLOX}",8/31/2022,1
736,Dean-11,M,"{CHX10-CRE, BAX-KO, RBFOX2-FLOX}",9/26/2022,1
737,Dean-12,M,"{CHX10-CRE, BAX-KO, RBFOX2-FLOX}",9/26/2022,1
738,Dean-13,M,"{CHX10-CRE, BAX-KO, RBFOX2-FLOX}",12/9/2022,1
739,Dean-14,M,"{CHX10-CRE, BAX-KO, RBFOX2-FLOX}",4/21/2023,1
740,Dean-15,M,"{CHX10-CRE, BAX-KO, RBFOX2-FLOX}",4/21/2023,1
741,Dean-15,M,"{CHX10-CRE, BAX-KO, RBFOX2-FLOX}",5/31/2023,1
742,Diego-1,M,{CX3CR1-GFP},7/5/2019,1
743,Diego-4,M,{CX3CR1-GFP},4/17/2019,1
744,Don-1,M,{ISL1-FLOX},11/3/2019,1
745,Don-1,M,{ISL1-FLOX},12/4/2020,1
746,Don-1,M,{ISL1-FLOX},11/22/2022,1
747,Don-2,M,{ISL1-FLOX},12/24/2019,1
748,Don-2,M,{ISL1-FLOX},1/23/2021,1
749,Don-2,M,{ISL1-FLOX},11/22/2022,1
750,Don-3,M,{ISL1-FLOX},5/17/2019,1
751,Don-3,M,{ISL1-FLOX},6/24/2020,1
752,Don-3,M,{ISL1-FLOX},7/10/2021,1
753,Don-4,M,{ISL1-FLOX},6/21/2019,1
754,Don-4,M,{ISL1-FLOX},7/17/2020,1
755,Don-4,M,{ISL1-FLOX},7/10/2021,1
756,Don-5,M,{ISL1-FLOX},1/3/2022,1
757,Don-51,M,{ISL1-FLOX},6/18/2021,1
758,Don-52,M,{ISL1-FLOX},6/18/2021,1
759,Don-6,M,{ISL1-FLOX},1/3/2022,1
760,Don-7,M,{ISL1-FLOX},7/21/2022,1
761,Don-8,M,{ISL1-FLOX},7/21/2022,1
762,Duke-1,M,{CDH1-GFP},6/12/2021,1
763,Duke-1,M,{CDH1-GFP},4/10/2023,1
764,Duke-2,M,{CDH1-GFP},6/12/2021,1
765,Duke-2,M,{CDH1-GFP},4/10/2023,1
766,Duke-3,M,{CDH1-GFP},10/22/2021,1
767,Duke-4,M,{CDH1-GFP},10/22/2021,1
768,Duke-5,M,{CDH1-GFP},5/5/2022,1
769,Duke-6,M,{CDH1-GFP},5/29/2022,1
770,Duke-7,M,{CDH1-GFP},11/5/2022,1
771,Duke-8,M,{CDH1-GFP},11/5/2022,1
772,Elton-1,M,{CD1},10/16/2019,1
773,Elton-1,M,{CD1},4/10/2020,1
774,Elton-1,M,{CD1},1/25/2021,1
775,Elton-1,M,{CD1},12/31/2021,1
776,Elton-2,M,{CD1},5/10/2021,1
777,Elton-4,M,{CD1},10/16/2019,1
778,Elton-5,M,{CD1},6/26/2019,1
779,Elton-6,M,{CD1},6/30/2019,1
780,Elton-7,M,{CD1},10/7/2019,1
781,Elton-8,M,{CD1},10/7/2019,1
782,Elton-9,M,{CD1},10/25/2019,1
783,Frank-1,M,{RX-CRE},6/2/2019,1
784,Frank-1,M,{RX-CRE},7/14/2021,1
785,Frank-10,M,{RX-CRE},10/21/2019,1
786,Frank-10,M,{RX-CRE},2/20/2023,1
787,Frank-11,M,{RX-CRE},10/21/2019,1
788,Frank-11,M,{RX-CRE},5/17/2023,1
789,Frank-12,M,{RX-CRE},5/29/2023,1
790,Frank-2,M,{RX-CRE},7/14/2021,1
791,Frank-20,M,{RX-CRE},1/30/2020,1
792,Frank-20,M,{RX-CRE},5/17/2023,1
793,Frank-21,M,{RX-CRE},1/30/2020,1
794,Frank-21,M,"{RX-CRE, ISL1-FLOX}",4/24/2020,1
795,Frank-21,M,{RX-CRE},5/17/2023,1
796,Frank-22,M,"{RX-CRE, ISL1-FLOX}",4/24/2020,1
797,Frank-23,M,"{RX-CRE, ISL1-FLOX}",8/13/2020,1
798,Frank-3,M,{RX-CRE},7/29/2019,1
799,Frank-3,M,{RX-CRE},8/12/2021,1
800,Frank-3,M,{RX-CRE},1/2/2022,1
801,Frank-4,M,{RX-CRE},12/16/2019,1
802,Frank-4,M,{RX-CRE},8/12/2021,1
803,Frank-4,M,{RX-CRE},1/2/2022,1
804,Frank-5,M,{RX-CRE},12/16/2019,1
805,Frank-5,M,{RX-CRE},4/27/2022,1
806,Frank-6,M,{RX-CRE},6/10/2020,1
807,Frank-6,M,{RX-CRE},7/13/2022,1
808,Frank-7,M,{RX-CRE},7/23/2020,1
809,Frank-7,M,{RX-CRE},7/13/2022,1
810,Frank-8,M,{RX-CRE},1/14/2021,1
811,Frank-8,M,{RX-CRE},11/27/2022,1
812,Frank-9,M,{RX-CRE},1/14/2021,1
813,Frank-9,M,{RX-CRE},11/27/2022,1
814,George-1,M,"{RBFOX1-FLOX, RBFOX2-FLOX}",8/13/2019,1
815,George-1,M,"{RX-CRE, RBFOX1-FLOX, RBFOX2-FLOX}",2/16/2021,1
816,George-1,M,"{CHX10-CRE, RBFOX1-FLOX, RBFOX2-FLOX}",10/18/2021,1
817,George-10,M,"{CHX10-CRE, RBFOX1-FLOX, RBFOX2-FLOX}",2/20/2022,1
818,George-11,M,"{CHX10-CRE, RBFOX1-FLOX, RBFOX2-FLOX}",4/3/2022,1
819,George-12,M,"{RX-CRE, RBFOX1-FLOX, RBFOX2-FLOX}",3/20/2020,1
820,George-12,M,"{RBFOX1-FLOX, RBFOX2-FLOX}",6/10/2022,1
821,George-13,M,"{RX-CRE, RBFOX1-FLOX, RBFOX2-FLOX}",8/26/2020,1
822,George-13,M,"{RBFOX1-FLOX, RBFOX2-FLOX}",7/27/2022,1
823,George-14,M,"{RX-CRE, RBFOX1-FLOX, RBFOX2-FLOX}",7/6/2020,1
824,George-14,M,"{CHX10-CRE, RBFOX1-FLOX, RBFOX2-FLOX}",8/7/2022,1
825,George-15,M,"{CHX10-CRE, RBFOX1-FLOX, RBFOX2-FLOX}",9/14/2022,1
826,George-16,M,"{CHX10-CRE, RBFOX1-FLOX, RBFOX2-FLOX}",10/8/2022,1
827,George-16,M,"{CHX10-CRE, RBFOX2-FLOX}",2/21/2023,1
828,George-17,M,"{CHX10-CRE, RBFOX2-FLOX}",11/15/2022,1
829,George-18,M,"{CHX10-CRE, RBFOX2-FLOX}",2/21/2023,1
830,George-19,M,"{CHX10-CRE, RBFOX2-FLOX}",4/26/2023,1
831,George-2,M,"{RX-CRE, RBFOX1-FLOX, RBFOX2-FLOX}",3/13/2021,1
832,George-2,M,"{CHX10-CRE, RBFOX1-FLOX, RBFOX2-FLOX}",10/18/2021,1
833,George-20,M,"{RBFOX1-FLOX, RBFOX2-FLOX}",10/19/2020,1
834,George-21,M,"{RBFOX1-FLOX, RBFOX2-FLOX}",10/19/2020,1
835,George-22,M,"{RBFOX1-FLOX, RBFOX2-FLOX}",1/22/2021,1
836,George-23,M,"{RBFOX1-FLOX, RBFOX2-FLOX}",1/22/2021,1
837,George-24,M,"{RBFOX1-FLOX, RBFOX2-FLOX}",8/1/2021,1
838,George-25,M,"{RBFOX1-FLOX, RBFOX2-FLOX}",8/1/2021,1
839,George-3,M,"{RBFOX1-FLOX, RBFOX2-FLOX}",8/13/2019,1
840,George-3,M,"{RX-CRE, RBFOX1-FLOX, RBFOX2-FLOX}",3/30/2021,1
841,George-3,M,"{CHX10-CRE, RBFOX1-FLOX, RBFOX2-FLOX}",10/18/2021,1
842,George-30,M,"{RX-CRE, RBFOX1-FLOX, RBFOX2-FLOX}",10/28/2020,1
843,George-31,M,"{RX-CRE, RBFOX1-FLOX, RBFOX2-FLOX}",11/22/2020,1
844,George-31,M,"{RBFOX1-FLOX, RBFOX2-FLOX}",6/21/2020,1
845,George-4,M,"{RBFOX1-FLOX, RBFOX2-FLOX}",11/30/2019,1
846,George-4,M,"{RBFOX1-FLOX, RBFOX2-FLOX}",2/7/2020,1
847,George-40,M,"{RX-CRE, RBFOX1-FLOX, RBFOX2-FLOX}",10/28/2020,1
848,George-41,M,"{RX-CRE, RBFOX1-FLOX, RBFOX2-FLOX}",10/30/2020,1
849,George-5,M,"{RBFOX1-FLOX, RBFOX2-FLOX}",2/7/2020,1
850,George-6,M,"{RBFOX1-FLOX, RBFOX2-FLOX}",5/11/2020,1
851,Harry-1,M,"{CHX10-CRE, NEUROG2-FLOX}",8/30/2021,1
852,Harry-10,M,"{CHX10-CRE, NEUROG2-FLOX, ISL1-FLOX}",1/6/2022,1
853,Harry-11,M,"{CHX10-CRE, NEUROG2-FLOX, ISL1-FLOX}",2/9/2022,1
854,Harry-12,M,"{CHX10-CRE, NEUROG2-FLOX, ISL1-FLOX}",5/18/2022,1
855,Harry-13,M,"{CHX10-CRE, NEUROG2-FLOX, ISL1-FLOX}",7/10/2022,1
856,Harry-14,M,"{NEUROG2-FLOX, ISL1-FLOX}",7/27/2022,1
857,Harry-2,M,"{CHX10-CRE, NEUROG2-FLOX}",8/30/2021,1
858,Harry-3,M,"{CHX10-CRE, NEUROG2-FLOX}",8/30/2021,1
859,Harry-4,M,"{CHX10-CRE, NEUROG2-FLOX}",8/30/2021,1
860,Harry-5,M,"{CHX10-CRE, NEUROG2-FLOX, ISL1-FLOX}",11/3/2021,1
861,Harry-6,M,"{CHX10-CRE, NEUROG2-FLOX, ISL1-FLOX}",11/3/2021,1
862,Harry-7,M,"{CHX10-CRE, NEUROG2-FLOX, ISL1-FLOX}",11/26/2021,1
863,Henry-21,M,{CONELESS},7/15/2021,1
864,Henry-22,M,{CONELESS},8/7/2019,1
865,Henry-22,M,{CONELESS},7/15/2021,1
866,Henry-23,M,{CONELESS},10/24/2019,1
867,Henry-23,M,{CONELESS},1/10/2022,1
868,Henry-24,M,{CONELESS},2/25/2022,1
869,Henry-25,M,{CONELESS},4/10/2020,1
870,Henry-26,M,{CONELESS},4/10/2020,1
871,Henry-27,M,"{CONELESS, CX3CR1-GFP}",10/13/2020,1
872,Henry-28,M,"{CONELESS, CX3CR1-GFP}",10/13/2020,1
873,Henry-29,M,{CONELESS},12/31/2020,1
874,Jack-10,M,{BAX-FLOX},11/7/2019,1
875,Jack-11,M,{BAX-FLOX},11/7/2019,1
876,Jack-12,M,{BAX-FLOX},5/21/2020,1
877,Jack-13,M,{BAX-FLOX},5/21/2020,1
878,Jack-14,M,{BAX-FLOX},11/7/2020,1
879,Jack-8,M,{BAX-FLOX},6/3/2019,1
880,Jack-80,M,{BAX-FLOX},11/23/2020,1
881,Jack-80,M,{BAX-FLOX},11/14/2022,1
882,Jack-81,M,{BAX-FLOX},3/16/2021,1
883,Jack-81,M,{BAX-FLOX},11/14/2022,1
884,Jack-81,M,{BAX-FLOX},2/20/2023,1
885,Jack-82,M,{BAX-FLOX},4/8/2021,1
886,Jack-82,M,{BAX-FLOX},2/20/2023,1
887,Jack-83,M,{BAX-FLOX},7/10/2021,1
888,Jack-83,M,{BAX-FLOX},7/5/2023,1
889,Jack-84,M,{BAX-FLOX},10/7/2021,1
890,Jack-85,M,{BAX-FLOX},1/15/2022,1
891,Jack-86,M,{BAX-FLOX},3/5/2022,1
892,Jack-87,M,{BAX-FLOX},3/5/2022,1
893,Jack-87,M,{BAX-FLOX},5/25/2022,1
894,Jack-88,M,{BAX-FLOX},7/24/2022,1
895,Jack-9,M,{BAX-FLOX},6/3/2019,1
896,Jared-1,M,"{ISL1-FLOX, NEUROG2-FLOX}",8/2/2021,1
897,Jared-1,M,"{ISL1-FLOX, NEUROG2-FLOX}",11/19/2022,1
898,Jared-1,M,"{ISL1-FLOX, NEUROG2-FLOX}",6/28/2023,1
899,Jared-2,M,"{ISL1-FLOX, NEUROG2-FLOX}",8/2/2021,1
900,Jared-2,M,"{ISL1-FLOX, NEUROG2-FLOX}",11/19/2022,1
901,Jared-2,M,"{ISL1-FLOX, NEUROG2-FLOX}",6/28/2023,1
902,Jared-3,M,"{ISL1-FLOX, NEUROG2-FLOX}",11/5/2021,1
903,Jared-4,M,"{ISL1-FLOX, NEUROG2-FLOX}",11/2/2021,1
904,Jared-5,M,"{ISL1-FLOX, NEUROG2-FLOX}",5/19/2022,1
905,Jared-6,M,"{ISL1-FLOX, NEUROG2-FLOX}",5/19/2022,1
906,Jared-7,M,"{ISL1-FLOX, NEUROG2-FLOX}",11/19/2022,1
907,Jared-8,M,"{ISL1-FLOX, NEUROG2-FLOX}",11/19/2022,1
908,Jim-1,M,{VGLUT3-KO},3/5/2020,1
909,Jim-2,M,{VGLUT3-KO},7/27/2019,1
910,Joe-1,M,{NFIA-FLOX},2/8/2021,1
911,Joe-2,M,{NFIA-FLOX},2/8/2021,1
912,John-1,M,{ROSA-RFP},2/13/2021,1
913,John-3,M,{ROSA-RFP},4/15/2021,1
914,Josh-10,M,{PROX1-CRE},2/24/2021,1
915,Josh-10,M,{PROX1-CRE},4/19/2023,1
916,Josh-11,M,{PROX1-CRE},2/24/2021,1
917,Josh-11,M,{PROX1-CRE},4/19/2023,1
918,Josh-12,M,{PROX1-CRE},7/3/2021,1
919,Josh-13,M,{PROX1-CRE},11/13/2021,1
920,Josh-14,M,{PROX1-CRE},11/13/2021,1
921,Josh-15,M,{PROX1-CRE},12/27/2021,1
922,Josh-16,M,{PROX1-CRE},5/19/2022,1
923,Josh-17,M,{PROX1-CRE},5/19/2022,1
924,Josh-18,M,{PROX1-CRE},11/2/2022,1
925,Josh-19,M,{PROX1-CRE},11/2/2022,1
926,Jughead-1,M,{DIXDC1-KO},11/12/2019,1
927,Jughead-1,M,{DIXDC1-KO},4/17/2021,1
928,Jughead-2,M,{DIXDC1-KO},5/22/2020,1
929,Jughead-2,M,{DIXDC1-KO},4/28/2021,1
930,Jughead-2,M,{DIXDC1-KO},11/15/2021,1
931,Jughead-3,M,{DIXDC1-KO},5/22/2020,1
932,Jughead-3,M,{DIXDC1-KO},12/16/2021,1
933,Jughead-4,M,{DIXDC1-KO},9/11/2020,1
934,Jughead-4,M,{DIXDC1-KO},12/16/2021,1
935,Jughead-5,M,{DIXDC1-KO},9/11/2020,1
936,Jughead-5,M,{DIXDC1-KO},4/5/2022,1
937,Jughead-6,M,{DIXDC1-KO},12/21/2020,1
938,Jughead-6,M,{DIXDC1-KO},5/25/2022,1
939,Jughead-7,M,{DIXDC1-KO},8/9/2022,1
940,Jughead-8,M,{DIXDC1-KO},4/28/2019,1
941,Jughead-9,M,{DIXDC1-KO},9/6/2019,1
942,Kanye-2,M,"{CHAT-CRE, SOX2-FLOX, NPY-GFP}",8/18/2019,1
943,Link-1,M,"{CDH1-GFP, BAX-KO}",7/31/2020,1
944,Link-1,M,"{CDH1-GFP, BAX-KO}",2/16/2021,1
945,Link-1,M,"{CDH1-GFP, BAX-KO}",6/23/2021,1
946,Link-2,M,"{CDH1-GFP, BAX-KO}",7/31/2020,1
947,Link-2,M,"{CDH1-GFP, BAX-KO}",3/10/2021,1
948,Link-2,M,"{CDH1-GFP, BAX-KO}",6/23/2021,1
949,Link-3,M,"{CDH1-GFP, BAX-KO}",8/11/2020,1
950,Link-4,M,"{CDH1-GFP, BAX-KO}",9/27/2020,1
951,Link-5,M,"{CDH1-GFP, BAX-KO}",9/27/2020,1
952,Link-6,M,"{CDH1-GFP, BAX-KO}",10/31/2020,1
953,Ludwig-1,M,"{RX-CRE, NFIA-FLOX, CDH1-GFP}",12/12/2019,1
954,Ludwig-1,M,{RX-CRE},9/30/2020,1
955,Ludwig-1,M,"{RX-CRE, NFIA-FLOX}",12/23/2020,1
956,Ludwig-10,M,"{RX-CRE, NFIA-FLOX}",12/23/2020,1
957,Ludwig-11,M,{CDH1-GFP},1/15/2021,1
958,Ludwig-12,M,{NFIA-FLOX},3/26/2021,1
959,Ludwig-13,M,"{RX-CRE, NFIA-FLOX, CDH1-GFP}",3/29/2021,1
960,Ludwig-2,M,"{RX-CRE, NFIA-FLOX}",12/23/2020,1
961,Ludwig-3,M,"{RX-CRE, NFIA-FLOX, CDH1-GFP}",3/30/2020,1
962,Ludwig-3,M,{NFIA-FLOX},12/26/2020,1
963,Ludwig-4,M,"{RX-CRE, NFIA-FLOX, CDH1-GFP}",7/4/2020,1
964,Ludwig-4,M,{NFIA-FLOX},12/26/2020,1
965,Ludwig-5,M,{RX-CRE},9/30/2020,1
966,Ludwig-6,M,"{RX-CRE, NFIA-FLOX, CDH1-GFP}",4/14/2019,1
967,Ludwig-7,M,"{RX-CRE, NFIA-FLOX, CDH1-GFP}",5/21/2019,1
968,Ludwig-8,M,"{RX-CRE, NFIA-FLOX, CDH1-GFP}",9/7/2019,1
969,Ludwig-9,M,"{RX-CRE, NFIA-FLOX, CDH1-GFP}",11/14/2019,1
970,Luigi-1,M,{CHAT-CRE},7/23/2021,1
971,Luigi-2,M,{CHAT-CRE},4/27/2019,1
972,Luigi-2,M,{CHAT-CRE},7/23/2021,1
973,Luigi-3,M,{CHAT-CRE},11/25/2021,1
974,Luigi-30,M,{CHAT-CRE},11/24/2019,1
975,Luigi-31,M,{CHAT-CRE},12/8/2019,1
976,Luigi-4,M,{CHAT-CRE},11/25/2021,1
977,Luigi-5,M,{CHAT-CRE},4/27/2019,1
978,Luigi-5,M,{CHAT-CRE},5/17/2022,1
979,Luigi-51,M,{CHAT-CRE},7/2/2020,1
980,Luigi-52,M,{CHAT-CRE},8/17/2020,1
981,Luigi-53,M,{CHAT-CRE},1/30/2021,1
982,Luigi-54,M,{CHAT-CRE},1/30/2021,1
983,Luigi-6,M,{CHAT-CRE},5/28/2022,1
984,Luigi-7,M,{CHAT-CRE},9/30/2022,1
985,Luigi-8,M,{CHAT-CRE},9/30/2022,1
986,Marshall-5,M,{NEUROG2-FLOX},1/7/2022,1
987,Marshall-1,M,{NEUROG2-FLOX},5/15/2021,1
988,Marshall-1,M,{NEUROG2-FLOX},6/21/2023,1
989,Marshall-2,M,{NEUROG2-FLOX},5/15/2021,1
990,Marshall-2,M,{NEUROG2-FLOX},6/21/2023,1
991,Marshall-3,M,{NEUROG2-FLOX},10/12/2021,1
992,Marshall-3,M,{NEUROG2-FLOX},6/23/2023,1
993,Marshall-4,M,{NEUROG2-FLOX},10/12/2021,1
994,Marshall-5,M,{NEUROG2-FLOX},1/7/2022,1
995,Marshall-6,M,{NEUROG2-FLOX},4/20/2022,1
996,Marshall-7,M,{NEUROG2-FLOX},7/21/2022,1
997,Micky-1,M,{VGLUT3-CRE},3/13/2021,1
998,Micky-1,M,{VGLUT3-CRE},2/23/2023,1
999,Micky-2,M,{VGLUT3-CRE},3/13/2021,1
1000,Micky-3,M,{VGLUT3-CRE},11/8/2021,1
1001,Micky-4,M,{VGLUT3-CRE},11/8/2021,1
1002,Micky-4,M,{VGLUT3-CRE},3/7/2022,1
1003,Micky-40,M,{VGLUT3-CRE},6/26/2019,1
1004,Micky-41,M,{VGLUT3-CRE},6/26/2019,1
1005,Micky-42,M,{VGLUT3-CRE},12/25/2019,1
1006,Micky-43,M,{VGLUT3-CRE},12/25/2019,1
1007,Micky-44,M,{VGLUT3-CRE},6/22/2020,1
1008,Micky-46,M,{VGLUT3-CRE},8/5/2020,1
1009,Micky-47,M,{VGLUT3-CRE},11/24/2020,1
1010,Micky-5,M,{VGLUT3-CRE},3/7/2022,1
1011,Micky-6,M,{VGLUT3-CRE},8/30/2022,1
1012,Micky-7,M,{VGLUT3-CRE},8/27/2022,1
1013,Noah-1,M,{CHX10-CRE},3/16/2021,1
1014,Noah-1,M,{CHX10-CRE},6/9/2021,1
1015,Noah-1,M,{CHX10-CRE},12/22/2022,1
1016,Noah-2,M,{CHX10-CRE},3/16/2021,1
1017,Noah-2,M,{CHX10-CRE},12/22/2022,1
1018,Noah-3,M,{CHX10-CRE},8/20/2021,1
1019,Noah-3,M,{CHX10-CRE},6/22/2023,1
1020,Noah-4,M,{CHX10-CRE},8/20/2021,1
1021,Noah-4,M,{CHX10-CRE},6/22/2023,1
1022,Noah-41,M,{CHX10-CRE},6/9/2021,1
1023,Noah-42,M,{CHX10-CRE},6/9/2021,1
1024,Noah-5,M,{CHX10-CRE},3/2/2022,1
1025,Noah-6,M,{CHX10-CRE},3/2/2022,1
1026,Noah-60,M,{CHX10-CRE},3/16/2021,1
1027,Noah-62,M,{CHX10-CRE},6/9/2021,1
1028,Noah-7,M,{CHX10-CRE},9/16/2022,1
1029,Noah-8,M,{CHX10-CRE},9/16/2022,1
1030,Ozzy-1,M,{NFIA-FLOX},10/30/2019,1
1031,Ozzy-1,M,{NFIA-FLOX},3/26/2021,1
1032,Ozzy-1,M,{NFIA-FLOX},7/13/2023,1
1033,Ozzy-10,M,{NFIA-FLOX},10/26/2022,1
1034,Ozzy-11,M,{NFIA-FLOX},10/21/2022,1
1035,Ozzy-12,M,{NFIA-FLOX},4/4/2023,1
1036,Ozzy-2,M,{NFIA-FLOX},6/11/2020,1
1037,Ozzy-2,M,{NFIA-FLOX},3/26/2021,1
1038,Ozzy-2,M,{NFIA-FLOX},7/13/2023,1
1039,Ozzy-20,M,{NFIA-FLOX},2/14/2023,1
1040,Ozzy-21,M,{NFIA-FLOX},2/14/2023,1
1041,Ozzy-3,M,{NFIA-FLOX},5/19/2019,1
1042,Ozzy-3,M,{NFIA-FLOX},10/2/2020,1
1043,Ozzy-3,M,{NFIA-FLOX},6/19/2021,1
1044,Ozzy-3,M,{NFIA-FLOX},7/13/2023,1
1045,Ozzy-30,M,{NFIA-FLOX},2/14/2023,1
1046,Ozzy-31,M,{NFIA-FLOX},2/14/2023,1
1047,Ozzy-4,M,{NFIA-FLOX},12/26/2020,1
1048,Ozzy-4,M,{NFIA-FLOX},7/27/2021,1
1049,Ozzy-5,M,{NFIA-FLOX},10/12/2021,1
1050,Ozzy-6,M,{NFIA-FLOX},10/12/2021,1
1051,Ozzy-7,M,{NFIA-FLOX},1/28/2022,1
1052,Ozzy-8,M,{NFIA-FLOX},4/5/2022,1
1053,Ozzy-9,M,{NFIA-FLOX},4/5/2022,1
1054,Pablo-1,M,"{CX3CR1-GFP, CONELESS}",3/30/2021,1
1055,Pablo-2,M,"{CX3CR1-GFP, CONELESS}",3/30/2021,1
1056,Pablo-5,M,"{CX3CR1-GFP, CONELESS}",10/7/2019,1
1057,Pablo-6,M,"{CX3CR1-GFP, CONELESS}",10/7/2019,1
1058,Pablo-7,M,"{CX3CR1-GFP, CONELESS}",4/28/2020,1
1059,Pablo-8,M,"{CX3CR1-GFP, CONELESS}",4/28/2020,1
1060,Paul-3,M,{B6/J},9/9/2019,1
1061,Paul-4,M,"{VGLUT3-CRE, BAX-KO, ROSA-RFP}",12/1/2019,1
1062,Paul-5,M,"{VGLUT3-CRE, BAX-KO, ROSA-RFP}",6/9/2020,1
1063,Peter-1,M,{SOX5-FLOX},1/12/2019,1
1064,Peter-1,M,{SOX5-FLOX},6/26/2019,1
1065,Peter-1,M,{SOX5-FLOX},12/30/2021,1
1066,Peter-1,M,{SOX5-FLOX},5/10/2023,1
1067,Peter-2,M,{SOX5-FLOX},6/26/2019,1
1068,Peter-2,M,{SOX5-FLOX},4/30/2020,1
1069,Peter-2,M,{SOX5-FLOX},12/30/2021,1
1070,Peter-2,M,{SOX5-FLOX},5/10/2023,1
1071,Peter-3,M,{SOX5-FLOX},4/30/2020,1
1072,Peter-3,M,{SOX5-FLOX},6/15/2022,1
1073,Peter-4,M,{SOX5-FLOX},10/27/2020,1
1074,Peter-4,M,{SOX5-FLOX},6/27/2022,1
1075,Peter-5,M,{SOX5-FLOX},10/27/2020,1
1076,Peter-5,M,{SOX5-FLOX},9/10/2022,1
1077,Peter-6,M,{SOX5-FLOX},9/10/2022,1
1078,Peter-7,M,{SOX5-FLOX},6/1/2021,1
1079,Peter-8,M,{SOX5-FLOX},6/1/2021,1
1080,Ralph-1,M,"{GFAP-CRE, NFIA-FLOX}",4/1/2020,1
1081,Ralph-2,M,"{GFAP-CRE, NFIA-FLOX}",8/26/2020,1
1082,Ralph-6,M,"{GFAP-CRE, NFIA-FLOX}",9/23/2019,1
1083,Ralph-7,M,"{GFAP-CRE, NFIA-FLOX}",10/22/2019,1
1084,Romeo-1,M,{A/J},5/20/2021,1
1085,Romeo-1,M,{A/J},9/4/2022,1
1086,Romeo-2,M,{A/J},8/8/2019,1
1087,Romeo-2,M,{A/J},5/20/2021,1
1088,Romeo-2,M,{A/J},10/26/2022,1
1089,Romeo-3,M,{A/J},8/8/2019,1
1090,Romeo-3,M,{A/J},10/8/2020,1
1091,Romeo-3,M,{A/J},7/6/2021,1
1092,Romeo-3,M,{A/J},2/20/2023,1
1093,Romeo-4,M,{A/J},8/31/2019,1
1094,Romeo-4,M,{A/J},2/22/2021,1
1095,Romeo-4,M,{A/J},10/8/2021,1
1096,Romeo-5,M,{A/J},12/9/2021,1
1097,Romeo-6,M,{A/J},1/25/2022,1
1098,Romeo-7,M,{A/J},3/12/2022,1
1099,Romeo-8,M,{A/J},6/4/2022,1
1100,Romeo-9,M,{A/J},7/25/2022,1
1101,Sam-1,M,{NRL-KO},4/30/2020,1
1102,Sam-1,M,{NRL-KO},5/31/2021,1
1103,Sam-2,M,{NRL-KO},8/23/2020,1
1104,Sam-2,M,{NRL-KO},5/31/2021,1
1105,Sam-3,M,{NRL-KO},11/19/2020,1
1106,Sam-4,M,{NRL-KO},11/19/2020,1
1107,Sam-6,M,{NRL-KO},9/9/2019,1
1108,Sam-7,M,{NRL-KO},9/18/2019,1
1109,Sam-8,M,{NRL-KO},2/22/2020,1
1110,Sam-9,M,{NRL-KO},2/22/2020,1
1111,Shaw-1,M,"{RX-CRE, ZMIZ2-FLOX}",1/3/2020,1
1112,Shaw-1,M,"{RX-CRE, ZMIZ2-FLOX}",2/14/2021,1
1113,Shaw-10,M,"{RX-CRE, ZMIZ2-FLOX}",2/14/2021,1
1114,Shaw-11,M,"{RX-CRE, ZMIZ2-FLOX}",5/30/2021,1
1115,Shaw-12,M,"{RX-CRE, ZMIZ2-FLOX, ROSA-RFP}",5/30/2021,1
1116,Shaw-2,M,"{RX-CRE, ZMIZ2-FLOX}",1/3/2020,1
1117,Shaw-2,M,"{RX-CRE, ZMIZ2-FLOX}",3/9/2021,1
1118,Shaw-3,M,"{RX-CRE, ZMIZ2-FLOX}",6/5/2020,1
1119,Shaw-3,M,"{RX-CRE, ZMIZ2-FLOX}",3/17/2021,1
1120,Shaw-3,M,"{RX-CRE, ZMIZ2-FLOX}",9/16/2021,1
1121,Shaw-4,M,"{RX-CRE, ZMIZ2-FLOX, ROSA-RFP}",5/30/2021,1
1122,Shaw-4,M,"{RX-CRE, ZMIZ2-FLOX}",9/16/2021,1
1123,Shaw-5,M,"{RX-CRE, ZMIZ2-FLOX}",8/20/2020,1
1124,Shaw-6,M,"{RX-CRE, ZMIZ2-FLOX}",10/28/2019,1
1125,Shaw-6,M,"{RX-CRE, ZMIZ2-FLOX}",8/23/2020,1
1126,Shaw-7,M,"{RX-CRE, ZMIZ2-FLOX}",10/28/2019,1
1127,Simon-1,M,"{PROX1-CRE, NFIA-FLOX}",4/29/2021,1
1128,Simon-11,M,{CDH1-GFP},6/12/2021,1
1129,Simon-12,M,{CDH1-GFP},6/12/2021,1
1130,Simon-2,M,{NFIA-FLOX},5/5/2021,1
1131,Simon-21,M,"{PROX1-CRE, NFIA-FLOX}",7/17/2021,1
1132,Simon-23,M,"{PROX1-CRE, NFIA-FLOX}",7/17/2021,1
1133,Simon-25,M,"{PROX1-CRE, NFIA-FLOX}",8/3/2021,1
1134,Simon-3,M,{NFIA-FLOX},5/5/2021,1
1135,Simon-30,M,"{PROX1-CRE, NFIA-FLOX, CDH1-GFP}",9/22/2021,1
1136,Simon-31,M,"{PROX1-CRE, NFIA-FLOX, CDH1-GFP}",9/22/2021,1
1137,Simon-32,M,"{NFIA-FLOX, CDH1-GFP}",2/5/2022,1
1138,Simon-33,M,"{NFIA-FLOX, CDH1-GFP}",2/26/2022,1
1139,Simon-34,M,"{NFIA-FLOX, CDH1-GFP}",7/26/2022,1
1140,Simon-35,M,"{PROX1-CRE, NFIA-FLOX, CDH1-GFP}",7/26/2022,1
1141,Simon-36,M,"{PROX1-CRE, NFIA-FLOX, CDH1-GFP}",11/13/2022,1
1142,Simon-37,M,"{PROX1-CRE, NFIA-FLOX, CDH1-GFP}",11/13/2022,1
1143,Simon-40,M,"{PROX1-CRE, NFIA-FLOX, CDH1-GFP}",11/28/2021,1
1144,Simon-41,M,"{PROX1-CRE, NFIA-FLOX, CDH1-GFP}",12/7/2021,1
1145,Simon-42,M,"{PROX1-CRE, NFIA-FLOX, CDH1-GFP}",12/7/2021,1
1146,Toad-1,M,{SOX2-FLOX},3/13/2021,1
1147,Toad-2,M,{SOX2-FLOX},3/13/2021,1
1148,Toad-32,M,{SOX2-FLOX},2/7/2020,1
1149,Toad-33,M,{SOX2-FLOX},2/7/2020,1
1150,Toad-34,M,{SOX2-FLOX},8/12/2020,1
1151,Toad-35,M,{SOX2-FLOX},9/18/2020,1
1152,Tony-1,M,"{VSX2-CRE, SOX5-FLOX, GUSTDUCIN-GFP}",1/22/2020,1
1153,Tony-1,M,"{VSX2-CRE, SOX5-FLOX}",8/14/2021,1
1154,Tony-1,M,"{VSX2-CRE, SOX5-FLOX, GUSTDUCIN-GFP}",6/4/2022,1
1155,Tony-2,M,"{VSX2-CRE, SOX5-FLOX, GUSTDUCIN-GFP}",1/26/2020,1
1156,Tony-2,M,"{VSX2-CRE, SOX5-FLOX, GUSTDUCIN-GFP}",10/31/2021,1
1157,Tony-3,M,"{VSX2-CRE, SOX5-FLOX, GUSTDUCIN-GFP}",8/31/2020,1
1158,Tony-3,M,"{VSX2-CRE, SOX5-FLOX, GUSTDUCIN-GFP}",10/29/2021,1
1159,Tony-4,M,"{VSX2-CRE, SOX5-FLOX}",5/28/2019,1
1160,Tony-4,M,{VSX2-CRE},10/18/2020,1
1161,Tony-5,M,"{VSX2-CRE, SOX5-FLOX}",5/28/2019,1
1162,Tony-5,M,"{VSX2-CRE, SOX5-FLOX, GUSTDUCIN-GFP}",2/13/2021,1
1163,Tony-6,M,"{VSX2-CRE, SOX5-FLOX, GUSTDUCIN-GFP}",9/24/2019,1
1164,Tony-6,M,"{VSX2-CRE, SOX5-FLOX, GUSTDUCIN-GFP}",2/13/2021,1
1165,Tony-7,M,"{VSX2-CRE, SOX5-FLOX, GUSTDUCIN-GFP}",3/8/2020,1
1166,Tony-8,M,"{VSX2-CRE, SOX5-FLOX, GUSTDUCIN-GFP}",12/1/2019,1
1167,Tony-8,M,"{VSX2-CRE, SOX5-FLOX}",7/13/2020,1
1168,Tony-8,M,"{VSX2-CRE, SOX5-FLOX}",7/13/2021,1
1169,Tony-8,M,"{VSX2-CRE, SOX5-FLOX}",7/14/2021,1
1170,Urik-1,M,{BAX-KO},6/19/2021,1
1171,Urik-10,M,{BAX-KO},2/16/2023,1
1172,Urik-11,M,{BAX-KO},9/11/2023,1
1173,Urik-12,M,{BAX-KO},9/11/2023,1
1174,Urik-2,M,{BAX-KO},8/25/2021,1
1175,Urik-3,M,{BAX-KO},11/16/2021,1
1177,Urik-4,M,{BAX-KO},11/16/2021,2
1178,Urik-5,M,{BAX-KO},6/19/2022,1
1179,Urik-6,M,{BAX-KO},7/26/2022,1
1180,Urik-60,M,{BAX-KO},9/2/2019,1
1181,Urik-61,M,{BAX-KO},9/2/2019,1
1182,Urik-61,M,{BAX-KO},4/1/2020,1
1183,Urik-62,M,{BAX-KO},5/18/2020,1
1184,Urik-63,M,{BAX-KO},10/13/2020,1
1185,Urik-65,M,{BAX-KO},2/24/2021,1
1186,Urik-7,M,{BAX-KO},7/26/2022,1
1187,Urik-8,M,{B6/J},1/12/2023,1
1188,Urik-9,M,{B6/J},1/12/2023,1
1189,Vic-1,M,"{VSX2-CRE, BAX-FLOX}",6/30/2019,1
1190,Vic-3,M,"{VSX2-CRE, BAX-FLOX}",12/3/2019,1
1191,Vic-5,M,{VSX2-CRE},7/4/2020,1
1192,Vic-6,M,{VSX2-CRE},10/18/2020,1
1193,Vic-7,M,"{VSX2-CRE, BAX-FLOX}",10/20/2020,1
1194,Vic-8,M,"{VSX2-CRE, BAX-FLOX}",12/6/2020,1
1195,Vlad-1,M,{ZMIZ2-FLOX},12/3/2022,1
1196,Vlad-2,M,{ZMIZ2-FLOX},12/3/2022,1
1197,Vlad-3,M,{ZMIZ2-FLOX},2/27/2023,1
1198,Vlad-4,M,{ZMIZ2-FLOX},2/27/2023,1
1199,Vlad-5,M,{ZMIZ2-FLOX},5/30/2023,1
1200,Vlad-50,M,{ZMIZ2-FLOX},3/9/2021,1
1201,Vlad-50,M,{ZMIZ2-FLOX},9/7/2021,1
1202,Vlad-52,M,{ZMIZ2-FLOX},6/16/2021,1
1203,Vlad-53,M,{ZMIZ2-FLOX},2/18/2022,1
1204,Vlad-54,M,{ZMIZ2-FLOX},2/18/2022,1
1205,Vlad-55,M,{ZMIZ2-FLOX},8/24/2022,1
1206,Vlad-56,M,{ZMIZ2-FLOX},8/24/2022,1
1207,Vlad-6,M,{ZMIZ2-FLOX},5/30/2023,1
1208,Wesley-71,M,"{VGLUT3-CRE, BAX-KO, ROSA-RFP}",12/2/2020,1
1209,Zack-1,M,"{NFIA-FLOX, CDH1-GFP}",5/26/2023,1
1210,Zack-2,M,"{NFIA-FLOX, CDH1-GFP}",5/26/2023,1
1211,Kayne-2,M,"{CHAT-CRE, SOX2-FLOX, NPY-GFP}",7/18/2019,1
1212,Frank-4,M,{RX-CRE},7/19/2019,1
1213,Frank-3,M,{RX-CRE},7/19/2019,1
